[{"pk": 1, "model": "contenttypes.contenttype", "fields": {"model": "logentry", "app_label": "admin"}}, {"pk": 2, "model": "contenttypes.contenttype", "fields": {"model": "permission", "app_label": "auth"}}, {"pk": 3, "model": "contenttypes.contenttype", "fields": {"model": "group", "app_label": "auth"}}, {"pk": 4, "model": "contenttypes.contenttype", "fields": {"model": "user", "app_label": "auth"}}, {"pk": 5, "model": "contenttypes.contenttype", "fields": {"model": "contenttype", "app_label": "contenttypes"}}, {"pk": 6, "model": "contenttypes.contenttype", "fields": {"model": "session", "app_label": "sessions"}}, {"pk": 7, "model": "contenttypes.contenttype", "fields": {"model": "activity", "app_label": "tracker"}}, {"pk": 8, "model": "contenttypes.contenttype", "fields": {"model": "stat", "app_label": "tracker"}}, {"pk": "dap3s4h3zhvm1x1cun5gykl87ci3ksld", "model": "sessions.session", "fields": {"session_data": "NjY3ZGJlMTc5ZGJlNWQ4NGNhNTJkMmM3MmM0Y2Y4MDZjZjFiZGIzMjp7Il9hdXRoX3VzZXJfaWQiOiIxIiwiX2F1dGhfdXNlcl9oYXNoIjoiMzhkZjgzYzA3MTYxMjc1YWE0NzA1OTgzY2UzNmVhNWFkOGI4MzdkYSIsIl9hdXRoX3VzZXJfYmFja2VuZCI6ImRqYW5nby5jb250cmliLmF1dGguYmFja2VuZHMuTW9kZWxCYWNrZW5kIn0=", "expire_date": "2015-07-13T19:50:46.574Z"}}, {"pk": 1, "model": "tracker.activity", "fields": {"title": "walking"}}, {"pk": 2, "model": "tracker.activity", "fields": {"title": "running"}}, {"pk": 3, "model": "tracker.activity", "fields": {"title": "coding"}}, {"pk": 12, "model": "tracker.stat", "fields": {"activity": 1, "value": 17, "date": "2015-06-02"}}, {"pk": 13, "model": "tracker.stat", "fields": {"activity": 1, "value": 11, "date": "2015-06-04"}}, {"pk": 14, "model": "tracker.stat", "fields": {"activity": 1, "value": 15, "date": "2015-06-09"}}, {"pk": 15, "model": "tracker.stat", "fields": {"activity": 1, "value": 10, "date": "2015-06-10"}}, {"pk": 16, "model": "tracker.stat", "fields": {"activity": 1, "value": 12, "date": "2015-06-11"}}, {"pk": 17, "model": "tracker.stat", "fields": {"activity": 1, "value": 7, "date": "2015-06-12"}}, {"pk": 18, "model": "tracker.stat", "fields": {"activity": 1, "value": 14, "date": "2015-06-16"}}, {"pk": 19, "model": "tracker.stat", "fields": {"activity": 1, "value": 10, "date": "2015-06-18"}}, {"pk": 20, "model": "tracker.stat", "fields": {"activity": 1, "value": 20, "date": "2015-06-19"}}, {"pk": 21, "model": "tracker.stat", "fields": {"activity": 1, "value": 13, "date": "2015-06-20"}}, {"pk": 22, "model": "tracker.stat", "fields": {"activity": 1, "value": 11, "date": "2015-06-22"}}, {"pk": 23, "model": "tracker.stat", "fields": {"activity": 1, "value": 17, "date": "2015-06-24"}}, {"pk": 24, "model": "tracker.stat", "fields": {"activity": 1, "value": 20, "date": "2015-06-26"}}, {"pk": 25, "model": "tracker.stat", "fields": {"activity": 1, "value": 13, "date": "2015-06-28"}}, {"pk": 26, "model": "tracker.stat", "fields": {"activity": 1, "value": 20, "date": "2015-06-30"}}, {"pk": 27, "model": "tracker.stat", "fields": {"activity": 2, "value": 20, "date": "2015-06-02"}}, {"pk": 28, "model": "tracker.stat", "fields": {"activity": 2, "value": 14, "date": "2015-06-05"}}, {"pk": 29, "model": "tracker.stat", "fields": {"activity": 2, "value": 12, "date": "2015-06-07"}}, {"pk": 30, "model": "tracker.stat", "fields": {"activity": 2, "value": 12, "date": "2015-06-12"}}, {"pk": 31, "model": "tracker.stat", "fields": {"activity": 2, "value": 7, "date": "2015-06-13"}}, {"pk": 32, "model": "tracker.stat", "fields": {"activity": 2, "value": 19, "date": "2015-06-15"}}, {"pk": 33, "model": "tracker.stat", "fields": {"activity": 2, "value": 3, "date": "2015-06-16"}}, {"pk": 34, "model": "tracker.stat", "fields": {"activity": 2, "value": 1, "date": "2015-06-17"}}, {"pk": 35, "model": "tracker.stat", "fields": {"activity": 2, "value": 1, "date": "2015-06-18"}}, {"pk": 36, "model": "tracker.stat", "fields": {"activity": 2, "value": 7, "date": "2015-06-19"}}, {"pk": 37, "model": "tracker.stat", "fields": {"activity": 2, "value": 8, "date": "2015-06-20"}}, {"pk": 38, "model": "tracker.stat", "fields": {"activity": 2, "value": 15, "date": "2015-06-24"}}, {"pk": 39, "model": "tracker.stat", "fields": {"activity": 2, "value": 7, "date": "2015-06-25"}}, {"pk": 40, "model": "tracker.stat", "fields": {"activity": 2, "value": 17, "date": "2015-06-27"}}, {"pk": 41, "model": "tracker.stat", "fields": {"activity": 2, "value": 15, "date": "2015-06-29"}}, {"pk": 42, "model": "tracker.stat", "fields": {"activity": 3, "value": 6, "date": "2015-06-04"}}, {"pk": 43, "model": "tracker.stat", "fields": {"activity": 3, "value": 5, "date": "2015-06-07"}}, {"pk": 44, "model": "tracker.stat", "fields": {"activity": 3, "value": 5, "date": "2015-06-08"}}, {"pk": 45, "model": "tracker.stat", "fields": {"activity": 3, "value": 20, "date": "2015-06-09"}}, {"pk": 46, "model": "tracker.stat", "fields": {"activity": 3, "value": 9, "date": "2015-06-10"}}, {"pk": 47, "model": "tracker.stat", "fields": {"activity": 3, "value": 14, "date": "2015-06-12"}}, {"pk": 48, "model": "tracker.stat", "fields": {"activity": 3, "value": 2, "date": "2015-06-15"}}, {"pk": 49, "model": "tracker.stat", "fields": {"activity": 3, "value": 12, "date": "2015-06-17"}}, {"pk": 50, "model": "tracker.stat", "fields": {"activity": 3, "value": 8, "date": "2015-06-18"}}, {"pk": 51, "model": "tracker.stat", "fields": {"activity": 3, "value": 12, "date": "2015-06-20"}}, {"pk": 52, "model": "tracker.stat", "fields": {"activity": 3, "value": 17, "date": "2015-06-21"}}, {"pk": 53, "model": "tracker.stat", "fields": {"activity": 3, "value": 15, "date": "2015-06-23"}}, {"pk": 54, "model": "tracker.stat", "fields": {"activity": 3, "value": 20, "date": "2015-06-24"}}, {"pk": 55, "model": "tracker.stat", "fields": {"activity": 3, "value": 3, "date": "2015-06-27"}}, {"pk": 56, "model": "tracker.stat", "fields": {"activity": 3, "value": 20, "date": "2015-06-29"}}, {"pk": 1, "model": "auth.permission", "fields": {"name": "Can add log entry", "content_type": 1, "codename": "add_logentry"}}, {"pk": 2, "model": "auth.permission", "fields": {"name": "Can change log entry", "content_type": 1, "codename": "change_logentry"}}, {"pk": 3, "model": "auth.permission", "fields": {"name": "Can delete log entry", "content_type": 1, "codename": "delete_logentry"}}, {"pk": 4, "model": "auth.permission", "fields": {"name": "Can add permission", "content_type": 2, "codename": "add_permission"}}, {"pk": 5, "model": "auth.permission", "fields": {"name": "Can change permission", "content_type": 2, "codename": "change_permission"}}, {"pk": 6, "model": "auth.permission", "fields": {"name": "Can delete permission", "content_type": 2, "codename": "delete_permission"}}, {"pk": 7, "model": "auth.permission", "fields": {"name": "Can add group", "content_type": 3, "codename": "add_group"}}, {"pk": 8, "model": "auth.permission", "fields": {"name": "Can change group", "content_type": 3, "codename": "change_group"}}, {"pk": 9, "model": "auth.permission", "fields": {"name": "Can delete group", "content_type": 3, "codename": "delete_group"}}, {"pk": 10, "model": "auth.permission", "fields": {"name": "Can add user", "content_type": 4, "codename": "add_user"}}, {"pk": 11, "model": "auth.permission", "fields": {"name": "Can change user", "content_type": 4, "codename": "change_user"}}, {"pk": 12, "model": "auth.permission", "fields": {"name": "Can delete user", "content_type": 4, "codename": "delete_user"}}, {"pk": 13, "model": "auth.permission", "fields": {"name": "Can add content type", "content_type": 5, "codename": "add_contenttype"}}, {"pk": 14, "model": "auth.permission", "fields": {"name": "Can change content type", "content_type": 5, "codename": "change_contenttype"}}, {"pk": 15, "model": "auth.permission", "fields": {"name": "Can delete content type", "content_type": 5, "codename": "delete_contenttype"}}, {"pk": 16, "model": "auth.permission", "fields": {"name": "Can add session", "content_type": 6, "codename": "add_session"}}, {"pk": 17, "model": "auth.permission", "fields": {"name": "Can change session", "content_type": 6, "codename": "change_session"}}, {"pk": 18, "model": "auth.permission", "fields": {"name": "Can delete session", "content_type": 6, "codename": "delete_session"}}, {"pk": 19, "model": "auth.permission", "fields": {"name": "Can add activity", "content_type": 7, "codename": "add_activity"}}, {"pk": 20, "model": "auth.permission", "fields": {"name": "Can change activity", "content_type": 7, "codename": "change_activity"}}, {"pk": 21, "model": "auth.permission", "fields": {"name": "Can delete activity", "content_type": 7, "codename": "delete_activity"}}, {"pk": 22, "model": "auth.permission", "fields": {"name": "Can add stat", "content_type": 8, "codename": "add_stat"}}, {"pk": 23, "model": "auth.permission", "fields": {"name": "Can change stat", "content_type": 8, "codename": "change_stat"}}, {"pk": 24, "model": "auth.permission", "fields": {"name": "Can delete stat", "content_type": 8, "codename": "delete_stat"}}, {"pk": 1, "model": "auth.user", "fields": {"user_permissions": [], "is_active": true, "last_login": "2015-06-30T16:04:04.800Z", "last_name": "", "groups": [], "date_joined": "2015-06-29T18:30:00.197Z", "is_superuser": true, "first_name": "", "password": "pbkdf2_sha256$20000$dDcUxvRmqVh5$zTgdz2x5/L9VQXZG86FnPM/fe6Rx2bOVUZpPRBos1nc=", "email": "johnwaldrep@gmail.com", "username": "admin", "is_staff": true}}, {"pk": 2, "model": "auth.user", "fields": {"user_permissions": [], "is_active": true, "last_login": "2015-06-30T05:28:13.541Z", "last_name": "one", "groups": [], "date_joined": "2015-06-30T05:27:49.331Z", "is_superuser": false, "first_name": "user", "password": "pbkdf2_sha256$20000$Ia7ak5rlJAdQ$CYXVWwaWnu21B+qcv84zMg+I1AsRmtzlD3h8yUmYgOM=", "email": "email@email.com", "username": "user1", "is_staff": false}}, {"pk": 3, "model": "auth.user", "fields": {"user_permissions": [], "is_active": true, "last_login": null, "last_name": "", "groups": [], "date_joined": "2015-06-30T18:42:12.416Z", "is_superuser": false, "first_name": "", "password": "pbkdf2_sha256$20000$yq6CbslM1QZc$v8IDpMMTvsyW5cqLVRS9pdjZIdv1W5/nq49h8i9g19Y=", "email": "test@test.com", "username": "test_guy", "is_staff": false}}]